{"connections":[{"solution":"Songs using the pentatonic scale","data":[{"text":"Amazing Grace"},{"text":"Swing Low, Sweet Chariot"},{"text":"Auld Lang Syne"},{"text":"Spring on the Moonlit River"}]},{"solution":"Alliterations","data":[{"text":"Guardians of the Galaxy"},{"text":"Final Fantasy (FF1 opening)"},{"text":"Madoka Magica"},{"text":"Rick-roll"}]},{"solution":"Name collisions on Floor Pi","data":[{"text":"tclin"},{"text":"dzguo"},{"text":"yangk"},{"text":"schin19"}]},{"solution":"Lounges in MIT","data":[{"text":"50-2xx"},{"text":"8-3xx"},{"text":"4-1xx"},{"text":"36-1xx"}]},{"solution":"Anagrams of Deltarune characters","data":[{"text":"Earl, NC"},{"text":"serial"},{"text":"issue"},{"text":"risk"}]},{"solution":"Commands that you type into a terminal","data":[{"text":"tar"},{"text":"dig"},{"text":"cat"},{"text":"cd"}]}],"sequences":[{"solution":"Chord progression in Pachelbel's Canon in D","data":[{"text":"1...5"},{"text":"6...3"},{"text":"4...1"},{"text":"4...5"}]},{"solution":"Ubuntu version suffixes","data":[{"text":"(Yakkety) Yak"},{"text":"(Zesty) Zapus"},{"text":"(Artful) Aardvark"},{"text":"(Bionic) Beaver"}]},{"solution":"Floors on the east parallel","data":[{"text":"Slug(Fest)"},{"text":"(Third East) Travelling Animial Zoo"},{"text":"(Beauty and the) Beast"},{"text":"First East"}]},{"solution":"Last four days of creation","data":[{"text":"Sun and moon"},{"text":"Birds and fish"},{"text":"Man and animals"},{"text":"Rest"}]},{"solution":"Brightest stars as seen from the Earth","data":[{"text":"Alpha Centauri"},{"text":"Canopus"},{"text":"Sirius"},{"text":"The Sun"}]},{"solution":"Building numbers along MIT's north corrdidor","data":[{"text":"(35, 37)"},{"text":"(39, 38)"},{"text":"(34, 36)"},{"text":"(32)"}]}],"walls":[{"groups":[{"solution":"Irvine Welsh novels","data":[{"text":"Filth"},{"text":"Glue"},{"text":"Crime"},{"text":"Porno"}]},{"solution":"Film genres","data":[{"text":"Romance"},{"text":"Horror"},{"text":"Musical"},{"text":"Noir"}]},{"solution":"Robbie Williams hits","data":[{"text":"Millenium"},{"text":"Strong"},{"text":"Candy"},{"text":"Rudebox"}]},{"solution":"___ wave","data":[{"text":"Mexican"},{"text":"Radio"},{"text":"Heat"},{"text":"Shock"}]}]},{"groups":[{"solution":"Characters from King Lear","data":[{"text":"Regan"},{"text":"Oswald"},{"text":"Duke of Cornwall"},{"text":"Goneril"}]},{"solution":"British airports","data":[{"text":"Robin Hood"},{"text":"John Lennon"},{"text":"Prestwick"},{"text":"Stansted"}]},{"solution":"Start with prime ministers","data":[{"text":"Heathrow"},{"text":"Browning"},{"text":"Pittsburgh"},{"text":"Majority"}]},{"solution":"Victorian poets","data":[{"text":"Tennyson"},{"text":"Hopkins"},{"text":"Lear"},{"text":"Arnold"}]}]}],"vowels":[{"desc":"Revolutionary innovations in technology","data":["Facebook","Amazon Echo","Google Plus","Juicero"]},{"desc":"People related to Floor Pi","data":["Daniel Guo","Aashish Welling","Yannick Yao","Dai Yang"]},{"desc":"Orders","data":["Sammy, go to sleep!","The Illuminati","General Gao's chicken","Eleven"]},{"desc":"Floor Pi","data":["Ceiling e","WHOOSH! Galactic Trendsetters NIAOOoo","Only Connect","Tea time"]}]}