{"connections":[{"solution":"Songs using the pentatonic scale","data":[{"text":"Amazing Grace"},{"text":"Swing Low, Sweet Chariot"},{"text":"Auld Lang Syne"},{"text":"Spring on the Moonlit River"}]},{"solution":"Alliterations","data":[{"text":"Guardians of the Galaxy"},{"text":"Final Fantasy (FF1 opening)"},{"text":"Madoka Magica"},{"text":"Rick-roll"}]},{"solution":"Name collisions on Floor Pi","data":[{"text":"tclin"},{"text":"dzguo"},{"text":"yangk"},{"text":"schin19"}]},{"solution":"Lounges in MIT","data":[{"text":"50-2xx"},{"text":"8-3xx"},{"text":"4-1xx"},{"text":"36-1xx"}]},{"solution":"Anagrams of Deltarune characters","data":[{"text":"Earl, NC"},{"text":"serial"},{"text":"issue"},{"text":"risk"}]},{"solution":"Commands that you type into a terminal","data":[{"text":"tar"},{"text":"dig"},{"text":"cat"},{"text":"cd"}]}],"sequences":[{"solution":"Chord progression in Pachelbel's Canon in D","data":[{"text":"1...5"},{"text":"6...3"},{"text":"4...1"},{"text":"4...5"}]},{"solution":"Ubuntu version suffixes","data":[{"text":"(Yakkety) Yak"},{"text":"(Zesty) Zapus"},{"text":"(Artful) Aardvark"},{"text":"(Bionic) Beaver"}]},{"solution":"Floors on the east parallel","data":[{"text":"Slug(Fest)"},{"text":"(Third East) Travelling Animial Zoo"},{"text":"(Beauty and the) Beast"},{"text":"First East"}]},{"solution":"Last four days of creation","data":[{"text":"Sun and moon"},{"text":"Birds and fish"},{"text":"Man and animals"},{"text":"Rest"}]},{"solution":"Brightest stars as seen from the Earth","data":[{"text":"Alpha Centauri"},{"text":"Canopus"},{"text":"Sirius"},{"text":"The Sun"}]},{"solution":"Building numbers along MIT's north corrdidor","data":[{"text":"(35, 37)"},{"text":"(39, 38)"},{"text":"(34, 36)"},{"text":"(32)"}]}],"walls":[{"groups":[{"solution":"Commedia dell'arte characters","data":[{"text":"Pierrot"},{"text":"Scaramouch"},{"text":"Pantalone"},{"text":"Columbine"}]},{"solution":"Breeds of rabbit","data":[{"text":"English Lop"},{"text":"Harlequin"},{"text":"Dutch"},{"text":"Flemish Giant"}]},{"solution":"Fictional hairdressers","data":[{"text":"Sweeney Todd"},{"text":"Edward Scissorhands"},{"text":"Zohan"},{"text":"Audrey Roberts"}]},{"solution":"Bohemian Rhapsody","data":[{"text":"Galileo"},{"text":"Figaro"},{"text":"Fandango"},{"text":"Beelzebub"}]}]},{"groups":[{"solution":"Hebridean islands","data":[{"text":"Barra"},{"text":"Lewis"},{"text":"Rum"},{"text":"Muck"}]},{"solution":"Homophones of letter plurals","data":[{"text":"Pease"},{"text":"Wise"},{"text":"Use"},{"text":"Seize"}]},{"solution":"Chelsea captains","data":[{"text":"Harris"},{"text":"Terry"},{"text":"Bentley"},{"text":"Harrow"}]},{"solution":"Numbers in foreign languages","data":[{"text":"Twee"},{"text":"Elf"},{"text":"Otto"},{"text":"Cent"}]}]}],"vowels":[{"desc":"Revolutionary innovations in technology","data":["Facebook","Amazon Echo","Google Plus","Juicero"]},{"desc":"People related to Floor Pi","data":["Daniel Guo","Aashish Welling","Yannick Yao","Dai Yang"]},{"desc":"Orders","data":["Sammy, go to sleep!","The Illuminati","General Gao's chicken","Eleven"]},{"desc":"Floor Pi","data":["Ceiling e","WHOOSH! Galactic Trendsetters NIAOOoo","Only Connect","Tea time"]}]}