{"connections":[{"solution":"Songs using the pentatonic scale","data":[{"text":"Amazing Grace"},{"text":"Swing Low, Sweet Chariot"},{"text":"Auld Lang Syne"},{"text":"Spring on the Moonlit River"}]},{"solution":"Alliterations","data":[{"text":"Guardians of the Galaxy"},{"text":"Final Fantasy (FF1 opening)"},{"text":"Madoka Magica"},{"text":"Rick-roll"}]},{"solution":"Name collisions on Floor Pi","data":[{"text":"tclin"},{"text":"dzguo"},{"text":"yangk"},{"text":"schin19"}]},{"solution":"Lounges in MIT","data":[{"text":"50-2xx"},{"text":"8-3xx"},{"text":"4-1xx"},{"text":"36-1xx"}]},{"solution":"Anagrams of Deltarune characters","data":[{"text":"Earl, NC"},{"text":"serial"},{"text":"issue"},{"text":"risk"}]},{"solution":"Commands that you type into a terminal","data":[{"text":"tar"},{"text":"dig"},{"text":"cat"},{"text":"cd"}]}],"sequences":[{"solution":"Chord progression in Pachelbel's Canon in D","data":[{"text":"1...5"},{"text":"6...3"},{"text":"4...1"},{"text":"4...5"}]},{"solution":"Ubuntu version suffixes","data":[{"text":"(Yakkety) Yak"},{"text":"(Zesty) Zapus"},{"text":"(Artful) Aardvark"},{"text":"(Bionic) Beaver"}]},{"solution":"Floors on the east parallel","data":[{"text":"Slug(Fest)"},{"text":"(Third East) Travelling Animial Zoo"},{"text":"(Beauty and the) Beast"},{"text":"First East"}]},{"solution":"Last four days of creation","data":[{"text":"Sun and moon"},{"text":"Birds and fish"},{"text":"Man and animals"},{"text":"Rest"}]},{"solution":"Brightest stars as seen from the Earth","data":[{"text":"Alpha Centauri"},{"text":"Canopus"},{"text":"Sirius"},{"text":"The Sun"}]},{"solution":"Building numbers along MIT's north corrdidor","data":[{"text":"(35, 37)"},{"text":"(39, 38)"},{"text":"(34, 36)"},{"text":"(32)"}]}],"walls":[{"groups":[{"solution":"Associated with Blackpool","data":[{"text":"Winter Gardens"},{"text":"Illuminations"},{"text":"Tower"},{"text":"Golden Mile"}]},{"solution":"Island groups","data":[{"text":"South Sandwich"},{"text":"Solomon"},{"text":"Virgin"},{"text":"Windward"}]},{"solution":"Square dance moves","data":[{"text":"Grand square"},{"text":"Do-si-do"},{"text":"Allemande left"},{"text":"Promenade"}]},{"solution":"Music retailers","data":[{"text":"Zavvi"},{"text":"Our Price"},{"text":"Rough Trade"},{"text":"HMV"}]}]},{"groups":[{"solution":"Beyoncé songs","data":[{"text":"Crazy in Love"},{"text":"Halo"},{"text":"If I Were A Boy"},{"text":"Déjà Vu"}]},{"solution":"First-person shooters","data":[{"text":"Time Crisis"},{"text":"Quake"},{"text":"Deus Ex"},{"text":"Doom"}]},{"solution":"Beyond the ___","data":[{"text":"Sea"},{"text":"Grave"},{"text":"Fringe"},{"text":"Call of duty"}]},{"solution":"Diacritics","data":[{"text":"Háček"},{"text":"Macron"},{"text":"Circumflex"},{"text":"Cedilla"}]}]}],"vowels":[{"desc":"Revolutionary innovations in technology","data":["Facebook","Amazon Echo","Google Plus","Juicero"]},{"desc":"People related to Floor Pi","data":["Daniel Guo","Aashish Welling","Yannick Yao","Dai Yang"]},{"desc":"Orders","data":["Sammy, go to sleep!","The Illuminati","General Gao's chicken","Eleven"]},{"desc":"Floor Pi","data":["Ceiling e","WHOOSH! Galactic Trendsetters NIAOOoo","Only Connect","Tea time"]}]}